いきなり２等兵,ピリカラ伍長,ちゃっかり軍曹,ヨルデモ曹長,かけあし中尉,じぇじぇ少佐,エンヤコラ大佐,はげしく幕僚長,＠,　,　,　,　,　,　,　,　,　,　,　,　,
油淋鶏の読み方,Youリンチ！,ハイヒールとカモミール,まごにもいしょう,姫様の秘め事,プリンセス争奪戦,＠,　,　,　,　,　,　,　,　,　,　,　,　,
ケリ姫登場！,ケリ姫参上！ 上級,ケリ姫降臨！ 激ムズ,＠,　,　,　,　,　,　,　,　,　,　,　,　,
アーキテクチャ,クラウドサービス,ストレージサーバ,オデンマンド,ハイパーメディアクリエイター,インティライミ,オートクチュール,サーターアンダギー,＠,　,　,　,　,　,　,　,　,　,　,　,　,
100万人の物語,剣術の城,ブリテンの命運,技巧の場,エクスカリバー,魔法の派,真の王の誕生,牛丼とヘビメタ,＠,　,　,　,　,　,　,　,　,　,　,　,　,
ドッキングの始まり,リアルタイムバトル,シャウト祭り,解禁コロシアム,ルーキーリーグ,５vs５,超合体,ブレーカークラッシュ,＠,　,　,　,　,　,　,　,　,　,　,　,　,
ｷﾀ---(ﾟ∀ﾟ)---!!,＠,　,　,　,　,　,　,　,　,　,　,　,　,
都炎上 超激ムズ,＠,　,　,　,　,　,　,　,　,　,　,　,　,
にゃんこなのですよ,癒術士の旅立ち,モンスター恐怖症,謎のびん詰め美少女,ネコどもの鎮圧,失われた記憶,愛で紡ぐキズナ,ひとふり300ヤード,＠,　,　,　,　,　,　,　,　,　,　,　,　,
20対20,キャットバトル,にゃんこコロシアム,＠,　,　,　,　,　,　,　,　,　,　,
白鳥松竹梅,星グランマニエ,西園寺 瞳,早乙女 光,綾小路 翔,超激突！氣志團！！,＠,　,　,　,　,　,　,
イカ食べ過ぎ,朝日が強すぎて,寿命を迎える,＠,　,　,　,　,　,　,　,　,　,
ドロイド進化への道 超上級,ドロイド進化への道 超激ムズ,＠,　,　,　,　,　,　,　,　,　,　,
消滅からはじまる物語,運び屋タクヤ,謎の少女,＠,　,　,　,　,　,　,　,　,　,
GOOD CATS，BAD CATS,面倒なネコって思ったでしょ？,にゃんこ計画,＠,　,　,　,　,　,　,　,　,　,
ロスト 超激ムズ,＠,　,　,　,　,　,　,　,　,　,　,　,
極道のネコたち,噛まれたら、みんなヤクザ,大戦争頂上決戦！！,＠,　,　,　,　,　,　,　,　,　,
臆した飛翔！アロイス,天涯の訪問者！コーネリア,夜明く銀の獣！ハルシュト,＠,　,　,　,　,　,　,　,　,　,
癒術士進化への道 激ムズ,癒術士進化への道 超激ムズ,＠,　,　,　,　,　,　,　,　,　,　,
気高き女王・リオレイア【村】,空の王者・リオレウス【下位】,誇り高き最強夫婦！【上位】,＠,　,　,　,　,　,　,　,　,　,
女王、降臨す【下位】,碧落に見えし、空の王者！【上位】,空と陸の火竜を狩れ【Ｇ級】,＠,　,　,　,　,　,　,　,　,　,
オニ軍曹 アレン・オニール,進撃のヒュージハーミット,ジュピターキングの護衛,＠,　,　,　,　,　,　,　,　,　,
デビルリバース・モーデン 超激ムズ,＠,　,　,　,　,　,　,　,　,　,　,　,
新たなる神話、始まる,王都バルディア,神々の遊び,ヴァルハラ攻防戦,終末到来！？にゃグナロク！,＠,　,　,　,　,　,　,　,
城とドラゴンとにゃんこたち,だってニンゲンだもの,戦場を駆け抜けるよ,悩みは女の子と話せない…,ずっと見ているフリ,伝統だもの,カワイイのためニャン,ムッハー！コーフンするだす！,＠,　,　,　,　,
城ドラ剣士進化への道 初級,騎馬兵進化への道 初級,アシュラ進化への道 初級,バトルバルーン進化への道 中級,ドラゴンライダー進化への道 中級,プリティキャット進化への道 中級,サイクロプス進化への道 上級,ゴーレム進化への道 上級,＠,　,　,　,　,
リーグ解禁！ 激ムズ,タマゴより生まれしモノ達 超激ムズ,城ドラ大戦争 極ムズ,＠,　,　,　,　,　,　,　,　,　,
にゃんパズルと一緒にまもるよ,ねば～る君も一緒にまもるよ,みんなでまもるよネコさん,＠,　,　,　,　,　,　,　,　,　,
タクヤとユキ進化への道 超上級,タクヤとユキ進化への道 超激ムズ,＠,　,　,　,　,　,　,　,　,　,　,
菌類繁栄,主食へのあこがれ,なめこは一日にしてならず,＠,　,　,　,　,　,　,　,　,　,
ふてすぎたネコ,さらにふてるネコ,＠,　,　,　,　,　,　,　,　,　,　,
僕と契約して･･･,魔法少女になって欲しいんだ,君なら運命を変えられる,訳が分からないよ,君は神にでもなるつもりかい？,＠,　,　,　,　,　,　,　,
薔薇園の魔女 初級,薔薇園の魔女 超上級,＠,　,　,　,　,　,　,　,　,　,　,
お菓子の魔女 中級,お菓子の魔女 激ムズ,＠,　,　,　,　,　,　,　,　,　,　,
ハコの魔女 上級,ハコの魔女 超激ムズ,＠,　,　,　,　,　,　,　,　,　,　,
舞台装置の魔女 極ムズ,＠,　,　,　,　,　,　,　,　,　,　,　,
ネコしかいない世界,奪われたタイムマシン,ネズミを追いかけて,＠,　,　,　,　,　,　,　,　,　,
歌謡にゃんこ進化への道 超上級,歌謡にゃんこ進化への道 超激ムズ,＠,　,　,　,　,　,　,　,　,　,　,
PPAP,＠,　,　,　,　,　,　,　,　,　,　,　,
039_その１,＠,　,　,　,　,　,　,　,　,　,　,　,
ナゾに支配された世界,こだわりのレモネード,ナゾ VS ヘリクツ,ナゾ四天王,物理攻撃で解決,＠,　,　,　,　,　,　,　,
恋するウィルス,爆炎疾走,秩序から無秩序へ,＠,　,　,　,　,　,　,　,　,　,
収束する光,フィーバータイム！,ALICE大戦争,＠,　,　,　,　,　,　,　,　,　,
ケリ姫進化への道 超上級,ケリ姫進化への道 超激ムズ,＠,　,　,　,　,　,　,　,　,　,　,
ケリの美女進化への道 超上級,ケリの美女進化への道 超激ムズ,＠,　,　,　,　,　,　,　,　,　,　,
もう一人の少女,馴れなれしく名前を呼ばないで,すべての世界が終わる,＠,　,　,　,　,　,　,　,　,　,
メルク進化への道 超上級,メルク進化への道 超激ムズ,＠,　,　,　,　,　,　,　,　,　,　,
ティティ進化への道 超上級,ティティ進化への道 超激ムズ,＠,　,　,　,　,　,　,　,　,　,　,
翼を与えられし者,聖翼と呼ばれた少女,鬼鎮めの儀式,＠,　,　,　,　,　,　,　,　,　,
ゆでるもよし,焼くもよし,生のままでもよし,＠,　,　,　,　,　,　,　,　,　,
しがらみが多い,安定志向,おはようございません,＠,　,　,　,　,　,　,　,　,　,
051_その１,＠,　,　,　,　,　,　,　,　,　,　,　,
校庭の激闘,深夜の迎撃,廃墟となった古城,日常に潜む罠,終わりの始まり,＠,　,　,　,　,　,　,　,
運命の夜 初級,運命の夜 激ムズ,＠,　,　,　,　,　,　,　,　,　,　,
屋上の襲撃者 初級,屋上の襲撃者 激ムズ,＠,　,　,　,　,　,　,　,　,　,　,
無限の剣製 初級,無限の剣製 激ムズ,＠,　,　,　,　,　,　,　,　,　,　,
鮮血神殿の発動 初級,鮮血神殿の発動 激ムズ,＠,　,　,　,　,　,　,　,　,　,　,
英雄王の降臨 超上級,英雄王の降臨 極ムズ,＠,　,　,　,　,　,　,　,　,　,　,
一回戦 初級,二回戦 中級,決勝戦 上級,＠,　,　,　,　,　,　,　,　,　,
犠牲ハツキモノデース 超上級,犠牲ハツキモノデース 極ムズ,＠,　,　,　,　,　,　,　,　,　,　,
一心同体にょろ！ 初級,一心同体にょろ！ 激ムズ,＠,　,　,　,　,　,　,　,　,　,　,
明るい笑顔 初級,明るい笑顔 激ムズ,＠,　,　,　,　,　,　,　,　,　,　,
エンジェルNo.1 初級,エンジェルNo.1 激ムズ,＠,　,　,　,　,　,　,　,　,　,　,
重い愛 初級,重い愛 激ムズ,＠,　,　,　,　,　,　,　,　,　,　,
めんどくさい時に大活躍,ペンギンじゃないです,＠,　,　,　,　,　,　,　,　,　,　,
特別非常事態宣言発令中,特務機関NERV,逃げちゃダメだ,＠,
二子山第２要塞,陽電子砲狙撃,目標に高エネルギー反応,別れ際にさよならなんて,笑えばいいと思うよ,＠,
アスカが乗ってるんだよ！ 初級,アスカが乗ってるんだよ！ 激ムズ,＠,
最強の拒絶タイプ 上級,最強の拒絶タイプ 超極ムズ,＠,
いたずら好きなウサギ,ぼーっとしたヒツジ,意外とずぼらなクマ,＠,
パズルで攻撃！,チェリーを集めろ！,必殺！レインボー爆弾！,＠,
太秦天神川,二条,烏丸御池,北大路,北山,＠,
松ヶ崎,北山,北大路,鞍馬口,丸太町,＠,
小野,山科,蹴上,烏丸御池,今出川,＠,
四条,京都,十条,くいな橋,竹田,＠,
黒いタマシイ,２人のユキ,３つの運命,＠,
人生ニガい,自分に勝てない,大人になりたくない,ホントムリだから,来年から本気出す,＠,
ぐでたまにゃんこ進化の道 超上級,ぐでたまにゃんこ進化の道 超激ムズ,＠,
侵略の騎士団 初級,侵略の騎士団 上級,侵略の騎士団 鬼級,侵略の騎士団 神級,侵略の騎士団 竜神級,＠,
079_00,079_01,079_02,＠,
急がばケリ,花よりケリ,泣きっ面にケリ,二階からケリ,笑う門にはケリきたる,＠,
くるみ割りの魔女 超上級,くるみ割りの魔女 超極ムズ,＠
突然の暴走 中級,彼女を過信しすぎていた 上級,混乱の仮想世界 超上級,ゆだねられた未来 激ムズ,指先に存在をかけて 極ムズ,＠
ブンブン Hello にゃんこ,どうもヒカキンです,＠
不死鳥の舞い 初級,＠
臆した飛翔！アロイス,天涯の訪問者！コーネリア,夜明く銀の獣！ハルシュト,＠,　,　,　,　,　,　,　,　,　,
翼を与えられし者,聖翼と呼ばれた少女,鬼鎮めの儀式,＠,　,　,　,　,　,　,　,　,　,
影に落ちた騎士王 超上級,影に落ちた騎士王 極ムズ,＠,
イカ食べ過ぎ,朝日が強すぎて,寿命を迎える,＠,
兄弟全滅,魚生ハードモード,いわしの骨,突然の死,天国に一番近い生き物,＠,
090-00,090-01,＠,
091-00,091-01,091-02,＠,
滅びゆく天聖界,希望への旅路,激闘！次界争奪戦,＠,
チョコ裏に潜むシール,悪魔VS天使,はられたらはりかえせ！,夢を箱買い,驚き！キラシール,＠,
天を貫く大要塞 上級,天を貫く大要塞 超激ムズ,＠,
受け継がれる意志 超上級,受け継がれる意志 極ムズ,＠,
お魚大好き,怒ると化け猫変化,嫌いなものはねずみ男,＠,
ゆる～い妖怪たちとバトル！,百鬼夜行で大逆転！,空前絶後の妖怪変化？！,キモかわ？ゆるかわ？,やば～い妖怪から日本を救え！,＠,
消滅からはじまる物語,運び屋タクヤ,謎の少女,GOOD CATS，BAD CATS,面倒なネコって思ったでしょ？,にゃんこ計画,ロスト 超激ムズ,＠,
罪と向き合う物語,"愚者"の旅人カノ,幸せを願った少年,＠,
甘いものは別腹,良薬は口に甘し,禁断のスイーツは甘い,＠,
101-00,101-01,＠,
君のせいじゃない 超上級,また会えるよ 超極ムズ,＠,
103-00,103-01,103-02,103-03,103-04,＠,
104-00,104-01,104-02,104-03,104-04,＠,
105-00,105-01,105-02,105-03,105-04,＠,
誕生するヒーローはドット,世界に一つだけのドット,どいつもこいつもドット,3Dなのにドット,ゲームはやっぱりドット,＠,
大自然の戦士,導き照らす焔,ラッシュ&ブレイズ,BONUS STAGE,蒼い翡翠,アイアンサイクロン,不落の移動要塞,不抜の拳,＠,
導き照らす焔,アイアンサイクロン,蒼い翡翠,BONUS STAGE,ラッシュ&ブレイズ,大自然の戦士,不抜の拳,不落の移動要塞,＠,
アイアンサイクロン,不落の移動要塞,ラッシュ&ブレイズ,BONUS STAGE,導き照らす焔,蒼い翡翠,不抜の拳,大自然の戦士,＠,
VSリュウ 初級,＠,
VSリュウ 激ムズ,＠,
VS春麗 初級,＠,
VS春麗 激ムズ,＠,
VSガイル 初級,＠,
VSガイル 激ムズ,＠,
VSザンギエフ 初級,＠,
VSザンギエフ 激ムズ,＠,
VSブランカ 初級,＠,
VSブランカ 激ムズ,＠,
VSダルシム 初級,＠,
VSダルシム 激ムズ,＠,
VSケン 初級,＠,
VSケン 激ムズ,＠,
拳を極めし者 超上級,炸裂！赤鴉豪焦破 極ムズ,＠,
ソラカラ 初級,これから 初級,いってみるから！ 初級,＠,
電子の歌姫,笑顔で歌ってみた,未来から来た音,＠
in INDONESIA,in TAIWAN,in JAPAN,in USA,in EUROPE,＠
春色ポップスター,花の色香,桜舞う音色,＠
突然の死 Lv.1,突然の死 Lv.2,突然の死 Lv.3,突然の死 Lv.4,突然の死 Lv.5,突然の死 Lv.6,突然の死 Lv.7,突然の死 Lv.8,突然の死 Lv.9,突然の死 Lv.10,突然の死 Lv.11,突然の死 Lv.12,＠
130-00,130-01,130-02,130-03,130-04,＠
131-00,131-01,131-02,＠
大泥棒バトル!!,＠
フタを開けソースを出す,お湯を注いで3分待つ,ソースを混ぜて完成,＠
♪バースデーパーティー♪,＠
大自然の戦士,導き照らす焔,ラッシュ&ブレイズ,BONUS STAGE,蒼い翡翠,アイアンサイクロン,不落の移動要塞,不抜の拳,強欲豪力パンチャー,爪弾く闘争の輪舞曲,孤高の帝王,最終最凶,＠
熱血力士,アイアンサイクロン,蒼い翡翠,BONUS STAGE,ラッシュ&ブレイズ,導き照らす焔,不抜の拳,不落の移動要塞,大自然の戦士,爪弾く闘争の輪舞曲,孤高の帝王,最終最凶,＠
アイアンサイクロン,不落の移動要塞,ラッシュ&ブレイズ,BONUS STAGE,導き照らす焔,蒼い翡翠,不抜の拳,大自然の戦士,強欲豪力パンチャー,爪弾く闘争の輪舞曲,熱血力士,最終最凶,＠
VSエドモンド本田 初級,＠
VSエドモンド本田 激ムズ,＠
VSバイソン 中級,＠
VSバイソン 超激ムズ,＠
VSバルログ 中級,＠
VSバルログ 超激ムズ,＠
VSサガット 中級,＠
VSサガット 超激ムズ,＠
VSベガ 中級,＠
VSベガ 超激ムズ,＠
VSリュウ 初級,＠
VSリュウ 激ムズ,＠
VS春麗 初級,＠
VS春麗 激ムズ,＠
VSガイル 初級,＠
VSガイル 激ムズ,＠
VSザンギエフ 初級,＠
VSザンギエフ 激ムズ,＠
VSブランカ 初級,＠
VSブランカ 激ムズ,＠
VSダルシム 初級,＠
VSダルシム 激ムズ,＠
VSケン 初級,＠
VSケン 激ムズ,＠
拳を極めし者 超上級,炸裂！赤鴉豪焦破 極ムズ,＠
雪と氷の世界,歌姫の雪像,雪にともす灯,＠
中国から来た許婚,男嫌いの女子高生,方向音痴な格闘家,求愛の女戦士,ド近眼の暗器使い,＠
人気の修行場,百以上の泉,溺れる者多数,泉の真の恐ろしさ,呪いの体質,＠
消滅からはじまる物語,運び屋タクヤ,謎の少女,GOOD CATS，BAD CATS,面倒なネコって思ったでしょ？,にゃんこ計画,ロスト 超激ムズ,＠
タクヤとユキ進化への道 超上級,タクヤとユキ進化への道 超激ムズ,＠
もう一人の少女,馴れなれしく名前を呼ばないで,すべての世界が終わる,＠
黒いタマシイ,２人のユキ,３つの運命,＠
罪と向き合う物語,"愚者"の旅人カノ,幸せを願った少年,＠
最強の破壊神 超極ムズ,＠
謎の巨大生物現る,災害対策本部設置,ネコによる最終決戦,＠
僕と契約して,魔法少女になってほしいんだ,僕は君たちの願いごとを,何でもひとつ叶えてあげる,今すぐ僕と契約を！,＠
願い事を決めるんだ、早く,訳が分からないよ,戦いを甘く考えすぎだよ,さあ、君は何を願う？,君は神にでもなるつもりかい？,＠
自己紹介しないとね,でもその前に,ちょっと一仕事,片付けちゃっていいかしら,ティロ・フィナーレ！,＠
体が軽い,こんな幸せな気持ちで,戦うなんてはじめて,もう何も恐くない,私、独りぼっちじゃないもの,＠
願い事、見つけたんだもの,奇跡も魔法もあるんだよ,うまくやったでしょ？あたし,後悔なんてあるわけない,幸せになって、くれるよね･･･,＠
これが私の絶望,こんなところまで…,迎えに来てくれてありがとう,最後にお別れを言えなくて…,ごめんね,＠
牝馬三冠レースの最終戦,3歳牝馬限定の競走,早い時計の勝負,＠
クラシック三冠の締めくくり,施行距離・芝3000m,最も強い馬が勝つ,＠
古馬最高の栄誉,伝統と歴史ある競走,目指すは秋の盾,＠
ファン投票で出走馬を決める,年末の大一番グランプリ,賞金は国内最高3億円,芝2500mの攻防,2分30秒の決着,中長距離の精鋭たち,名前の由来はレース創設者,ラストランを飾れ！,＠
工業の町 小港駅,国際空港 高雄國際機場駅,レジャー施設なら草衙駅,緑豊かな中央公園駅,美しきアートの駅 美麗島駅,＠
乗り換え駅 哈瑪星駅,ラバーダックの光榮碼頭駅,自歩道が由来 前鎮之星駅,電車に揺られて凱旋二聖駅,終点 凱旋公園駅,＠